# approx_lane_marking_white: APPROXIMATE placeholder reflectance (hand-shaped curve, NOT a measurement).
# Replace with measured data before quantitative use. Generated by tools/gen_approx_materials.py
# extrapolation: clamp
wavelength_nm,value
350,0.5219
360,0.5236
370,0.5269
380,0.5330
390,0.5438
400,0.5617
410,0.5878
420,0.6200
430,0.6522
440,0.6783
450,0.6962
460,0.7070
470,0.7131
480,0.7164
490,0.7181
500,0.7190
510,0.7195
520,0.7197
530,0.7199
540,0.7199
550,0.7200
560,0.7200
570,0.7200
580,0.7200
590,0.7200
600,0.7200
610,0.7200
620,0.7200
630,0.7200
640,0.7200
650,0.7200
660,0.7200
670,0.7200
680,0.7200
690,0.7200
700,0.7200
710,0.7200
720,0.7200
730,0.7200
740,0.7200
750,0.7200
760,0.7200
770,0.7200
780,0.7200
790,0.7200
800,0.7200
810,0.7200
820,0.7200
830,0.7200
840,0.7200
850,0.7200
860,0.7200
870,0.7200
880,0.7200
890,0.7200
900,0.7200
910,0.7200
920,0.7200
930,0.7200
940,0.7200
950,0.7200
960,0.7200
970,0.7200
980,0.7200
990,0.7200
1000,0.7200
1010,0.7200
1020,0.7200
1030,0.7200
1040,0.7200
1050,0.7200
1060,0.7200
1070,0.7200
1080,0.7200
1090,0.7200
1100,0.7200
