# approx_windshield_ir_cut_coating: APPROXIMATE placeholder transmittance (hand-shaped curve, NOT a measurement).
# Replace with measured data before quantitative use. Generated by tools/gen_approx_materials.py
# extrapolation: clamp
wavelength_nm,value
350,0.0009
360,0.0032
370,0.0109
380,0.0370
390,0.1170
400,0.3068
410,0.5732
420,0.7630
430,0.8430
440,0.8691
450,0.8768
460,0.8791
470,0.8797
480,0.8799
490,0.8800
500,0.8800
510,0.8800
520,0.8800
530,0.8800
540,0.8800
550,0.8800
560,0.8800
570,0.8800
580,0.8799
590,0.8799
600,0.8798
610,0.8795
620,0.8791
630,0.8783
640,0.8766
650,0.8734
660,0.8673
670,0.8558
680,0.8343
690,0.7961
700,0.7331
710,0.6412
720,0.5280
730,0.4148
740,0.3229
750,0.2599
760,0.2217
770,0.2002
780,0.1887
790,0.1826
800,0.1794
810,0.1777
820,0.1769
830,0.1765
840,0.1762
850,0.1761
860,0.1761
870,0.1760
880,0.1760
890,0.1760
900,0.1760
910,0.1760
920,0.1760
930,0.1760
940,0.1760
950,0.1760
960,0.1760
970,0.1760
980,0.1760
990,0.1760
1000,0.1760
1010,0.1760
1020,0.1760
1030,0.1760
1040,0.1760
1050,0.1760
1060,0.1760
1070,0.1760
1080,0.1760
1090,0.1760
1100,0.1760
