# approx_asphalt_wet: APPROXIMATE placeholder reflectance (hand-shaped curve, NOT a measurement).
# Replace with measured data before quantitative use. Generated by tools/gen_approx_materials.py
# extrapolation: clamp
wavelength_nm,value
350,0.0250
360,0.0254
370,0.0258
380,0.0262
390,0.0266
400,0.0270
410,0.0274
420,0.0278
430,0.0282
440,0.0286
450,0.0290
460,0.0294
470,0.0298
480,0.0302
490,0.0306
500,0.0310
510,0.0314
520,0.0318
530,0.0322
540,0.0326
550,0.0330
560,0.0334
570,0.0338
580,0.0342
590,0.0346
600,0.0350
610,0.0354
620,0.0358
630,0.0362
640,0.0366
650,0.0370
660,0.0374
670,0.0378
680,0.0382
690,0.0386
700,0.0390
710,0.0394
720,0.0398
730,0.0402
740,0.0406
750,0.0410
760,0.0414
770,0.0418
780,0.0422
790,0.0426
800,0.0430
810,0.0434
820,0.0438
830,0.0442
840,0.0446
850,0.0450
860,0.0454
870,0.0458
880,0.0462
890,0.0466
900,0.0470
910,0.0474
920,0.0478
930,0.0482
940,0.0486
950,0.0490
960,0.0494
970,0.0498
980,0.0502
990,0.0506
1000,0.0510
1010,0.0514
1020,0.0518
1030,0.0522
1040,0.0526
1050,0.0530
1060,0.0534
1070,0.0538
1080,0.0542
1090,0.0546
1100,0.0550
