# approx_dashboard_black_pvc: APPROXIMATE placeholder reflectance (hand-shaped curve, NOT a measurement).
# Replace with measured data before quantitative use. Generated by tools/gen_approx_materials.py
# extrapolation: clamp
wavelength_nm,value
350,0.0350
360,0.0350
370,0.0350
380,0.0350
390,0.0350
400,0.0350
410,0.0350
420,0.0350
430,0.0350
440,0.0350
450,0.0351
460,0.0351
470,0.0351
480,0.0351
490,0.0351
500,0.0351
510,0.0352
520,0.0352
530,0.0352
540,0.0353
550,0.0353
560,0.0354
570,0.0354
580,0.0355
590,0.0356
600,0.0357
610,0.0358
620,0.0359
630,0.0361
640,0.0363
650,0.0365
660,0.0368
670,0.0371
680,0.0374
690,0.0378
700,0.0382
710,0.0386
720,0.0392
730,0.0397
740,0.0404
750,0.0411
760,0.0418
770,0.0426
780,0.0433
790,0.0442
800,0.0450
810,0.0458
820,0.0467
830,0.0474
840,0.0482
850,0.0489
860,0.0496
870,0.0503
880,0.0508
890,0.0514
900,0.0518
910,0.0522
920,0.0526
930,0.0529
940,0.0532
950,0.0535
960,0.0537
970,0.0539
980,0.0541
990,0.0542
1000,0.0543
1010,0.0544
1020,0.0545
1030,0.0546
1040,0.0546
1050,0.0547
1060,0.0547
1070,0.0548
1080,0.0548
1090,0.0548
1100,0.0549
