# approx_lane_marking_yellow: APPROXIMATE placeholder reflectance (hand-shaped curve, NOT a measurement).
# Replace with measured data before quantitative use. Generated by tools/gen_approx_materials.py
# extrapolation: clamp
wavelength_nm,value
350,0.0800
360,0.0800
370,0.0800
380,0.0800
390,0.0800
400,0.0800
410,0.0800
420,0.0801
430,0.0801
440,0.0803
450,0.0808
460,0.0818
470,0.0841
480,0.0895
490,0.1014
500,0.1270
510,0.1785
520,0.2678
530,0.3900
540,0.5122
550,0.6015
560,0.6530
570,0.6786
580,0.6905
590,0.6959
600,0.6982
610,0.6992
620,0.6997
630,0.6999
640,0.6999
650,0.7000
660,0.7000
670,0.7000
680,0.7000
690,0.7000
700,0.7000
710,0.7000
720,0.7000
730,0.7000
740,0.7000
750,0.7000
760,0.7000
770,0.7000
780,0.7000
790,0.7000
800,0.7000
810,0.7000
820,0.7000
830,0.7000
840,0.7000
850,0.7000
860,0.7000
870,0.7000
880,0.7000
890,0.7000
900,0.7000
910,0.7000
920,0.7000
930,0.7000
940,0.7000
950,0.7000
960,0.7000
970,0.7000
980,0.7000
990,0.7000
1000,0.7000
1010,0.7000
1020,0.7000
1030,0.7000
1040,0.7000
1050,0.7000
1060,0.7000
1070,0.7000
1080,0.7000
1090,0.7000
1100,0.7000
