# approx_grass_dry: APPROXIMATE placeholder reflectance (hand-shaped curve, NOT a measurement).
# Replace with measured data before quantitative use. Generated by tools/gen_approx_materials.py
# extrapolation: clamp
wavelength_nm,value
350,0.0668
360,0.0679
370,0.0690
380,0.0703
390,0.0719
400,0.0736
410,0.0755
420,0.0778
430,0.0803
440,0.0831
450,0.0863
460,0.0898
470,0.0938
480,0.0982
490,0.1030
500,0.1083
510,0.1141
520,0.1205
530,0.1272
540,0.1345
550,0.1422
560,0.1503
570,0.1587
580,0.1674
590,0.1762
600,0.1852
610,0.1943
620,0.2034
630,0.2125
640,0.2216
650,0.2308
660,0.2403
670,0.2504
680,0.2615
690,0.2741
700,0.2886
710,0.3048
720,0.3218
730,0.3385
740,0.3533
750,0.3655
760,0.3750
770,0.3822
780,0.3875
790,0.3915
800,0.3946
810,0.3970
820,0.3990
830,0.4006
840,0.4019
850,0.4030
860,0.4040
870,0.4048
880,0.4055
890,0.4061
900,0.4066
910,0.4070
920,0.4074
930,0.4078
940,0.4081
950,0.4083
960,0.4085
970,0.4087
980,0.4089
990,0.4091
1000,0.4092
1010,0.4093
1020,0.4094
1030,0.4095
1040,0.4095
1050,0.4096
1060,0.4097
1070,0.4097
1080,0.4097
1090,0.4098
1100,0.4098
