# approx_car_paint_white: APPROXIMATE placeholder reflectance (hand-shaped curve, NOT a measurement).
# Replace with measured data before quantitative use. Generated by tools/gen_approx_materials.py
# extrapolation: clamp
wavelength_nm,value
350,0.5723
360,0.5745
370,0.5786
380,0.5862
390,0.5998
400,0.6222
410,0.6548
420,0.6950
430,0.7352
440,0.7678
450,0.7902
460,0.8038
470,0.8114
480,0.8155
490,0.8177
500,0.8188
510,0.8194
520,0.8197
530,0.8198
540,0.8199
550,0.8200
560,0.8200
570,0.8200
580,0.8200
590,0.8200
600,0.8200
610,0.8200
620,0.8200
630,0.8200
640,0.8200
650,0.8200
660,0.8200
670,0.8200
680,0.8200
690,0.8200
700,0.8200
710,0.8200
720,0.8200
730,0.8200
740,0.8200
750,0.8200
760,0.8200
770,0.8200
780,0.8200
790,0.8200
800,0.8200
810,0.8200
820,0.8200
830,0.8200
840,0.8200
850,0.8200
860,0.8200
870,0.8200
880,0.8200
890,0.8200
900,0.8200
910,0.8200
920,0.8200
930,0.8200
940,0.8200
950,0.8200
960,0.8200
970,0.8200
980,0.8200
990,0.8200
1000,0.8200
1010,0.8200
1020,0.8200
1030,0.8200
1040,0.8200
1050,0.8200
1060,0.8200
1070,0.8200
1080,0.8200
1090,0.8200
1100,0.8200
