# approx_car_paint_red: APPROXIMATE placeholder reflectance (hand-shaped curve, NOT a measurement).
# Replace with measured data before quantitative use. Generated by tools/gen_approx_materials.py
# extrapolation: clamp
wavelength_nm,value
350,0.0500
360,0.0500
370,0.0500
380,0.0500
390,0.0500
400,0.0500
410,0.0500
420,0.0500
430,0.0500
440,0.0500
450,0.0500
460,0.0500
470,0.0501
480,0.0501
490,0.0501
500,0.0503
510,0.0505
520,0.0510
530,0.0521
540,0.0546
550,0.0603
560,0.0728
570,0.0999
580,0.1540
590,0.2478
600,0.3761
610,0.5046
620,0.5986
630,0.6531
640,0.6806
650,0.6939
660,0.7004
670,0.7041
680,0.7066
690,0.7088
700,0.7110
710,0.7134
720,0.7160
730,0.7189
740,0.7219
750,0.7250
760,0.7281
770,0.7311
780,0.7340
790,0.7366
800,0.7389
810,0.7409
820,0.7426
830,0.7440
840,0.7452
850,0.7462
860,0.7470
870,0.7476
880,0.7481
890,0.7485
900,0.7489
910,0.7491
920,0.7493
930,0.7495
940,0.7496
950,0.7497
960,0.7497
970,0.7498
980,0.7498
990,0.7499
1000,0.7499
1010,0.7499
1020,0.7499
1030,0.7500
1040,0.7500
1050,0.7500
1060,0.7500
1070,0.7500
1080,0.7500
1090,0.7500
1100,0.7500
