# approx_concrete: APPROXIMATE placeholder reflectance (hand-shaped curve, NOT a measurement).
# Replace with measured data before quantitative use. Generated by tools/gen_approx_materials.py
# extrapolation: clamp
wavelength_nm,value
350,0.1929
360,0.1957
370,0.1988
380,0.2023
390,0.2061
400,0.2103
410,0.2150
420,0.2201
430,0.2257
440,0.2317
450,0.2382
460,0.2450
470,0.2522
480,0.2596
490,0.2673
500,0.2750
510,0.2827
520,0.2904
530,0.2978
540,0.3050
550,0.3118
560,0.3183
570,0.3243
580,0.3299
590,0.3350
600,0.3397
610,0.3439
620,0.3477
630,0.3512
640,0.3543
650,0.3571
660,0.3596
670,0.3619
680,0.3639
690,0.3658
700,0.3675
710,0.3690
720,0.3704
730,0.3717
740,0.3729
750,0.3741
760,0.3751
770,0.3761
780,0.3771
790,0.3780
800,0.3789
810,0.3797
820,0.3805
830,0.3813
840,0.3821
850,0.3828
860,0.3836
870,0.3843
880,0.3850
890,0.3857
900,0.3865
910,0.3872
920,0.3878
930,0.3885
940,0.3892
950,0.3899
960,0.3906
970,0.3913
980,0.3919
990,0.3926
1000,0.3933
1010,0.3940
1020,0.3946
1030,0.3953
1040,0.3960
1050,0.3966
1060,0.3973
1070,0.3980
1080,0.3987
1090,0.3993
1100,0.4000
