# approx_asphalt_dry: APPROXIMATE placeholder reflectance (hand-shaped curve, NOT a measurement).
# Replace with measured data before quantitative use. Generated by tools/gen_approx_materials.py
# extrapolation: clamp
wavelength_nm,value
350,0.0500
360,0.0509
370,0.0519
380,0.0528
390,0.0537
400,0.0547
410,0.0556
420,0.0565
430,0.0575
440,0.0584
450,0.0593
460,0.0603
470,0.0612
480,0.0621
490,0.0631
500,0.0640
510,0.0649
520,0.0659
530,0.0668
540,0.0677
550,0.0687
560,0.0696
570,0.0705
580,0.0715
590,0.0724
600,0.0733
610,0.0743
620,0.0752
630,0.0761
640,0.0771
650,0.0780
660,0.0789
670,0.0799
680,0.0808
690,0.0817
700,0.0827
710,0.0836
720,0.0845
730,0.0855
740,0.0864
750,0.0873
760,0.0883
770,0.0892
780,0.0901
790,0.0911
800,0.0920
810,0.0929
820,0.0939
830,0.0948
840,0.0957
850,0.0967
860,0.0976
870,0.0985
880,0.0995
890,0.1004
900,0.1013
910,0.1023
920,0.1032
930,0.1041
940,0.1051
950,0.1060
960,0.1069
970,0.1079
980,0.1088
990,0.1097
1000,0.1107
1010,0.1116
1020,0.1125
1030,0.1135
1040,0.1144
1050,0.1153
1060,0.1163
1070,0.1172
1080,0.1181
1090,0.1191
1100,0.1200
