# approx_windshield_green_5mm: APPROXIMATE placeholder internal_transmittance (hand-shaped curve, NOT a measurement).
# Replace with measured data before quantitative use. Generated by tools/gen_approx_materials.py
# extrapolation: clamp
wavelength_nm,value
350,0.7438
360,0.7561
370,0.7698
380,0.7859
390,0.8047
400,0.8254
410,0.8455
420,0.8626
430,0.8759
440,0.8857
450,0.8930
460,0.8985
470,0.9028
480,0.9060
490,0.9084
500,0.9100
510,0.9108
520,0.9109
530,0.9103
540,0.9088
550,0.9067
560,0.9037
570,0.9000
580,0.8955
590,0.8902
600,0.8840
610,0.8771
620,0.8693
630,0.8607
640,0.8513
650,0.8410
660,0.8299
670,0.8179
680,0.8051
690,0.7914
700,0.7768
710,0.7614
720,0.7451
730,0.7280
740,0.7101
750,0.6914
760,0.6719
770,0.6517
780,0.6308
790,0.6093
800,0.5872
810,0.5645
820,0.5415
830,0.5180
840,0.4943
850,0.4704
860,0.4463
870,0.4222
880,0.3981
890,0.3741
900,0.3503
910,0.3267
920,0.3035
930,0.2806
940,0.2582
950,0.2362
960,0.2146
970,0.1936
980,0.1731
990,0.1532
1000,0.1338
1010,0.1149
1020,0.0966
1030,0.0788
1040,0.0616
1050,0.0449
1060,0.0288
1070,0.0131
1080,0.0000
1090,0.0000
1100,0.0000
