# approx_vegetation_leaf: APPROXIMATE placeholder reflectance (hand-shaped curve, NOT a measurement).
# Replace with measured data before quantitative use. Generated by tools/gen_approx_materials.py
# extrapolation: clamp
wavelength_nm,value
350,0.0400
360,0.0400
370,0.0400
380,0.0400
390,0.0400
400,0.0400
410,0.0400
420,0.0400
430,0.0400
440,0.0401
450,0.0403
460,0.0409
470,0.0423
480,0.0453
490,0.0508
500,0.0599
510,0.0729
520,0.0885
530,0.1041
540,0.1157
550,0.1200
560,0.1157
570,0.1041
580,0.0885
590,0.0729
600,0.0600
610,0.0509
620,0.0453
630,0.0421
640,0.0391
650,0.0341
660,0.0287
670,0.0306
680,0.0476
690,0.0827
700,0.1397
710,0.2222
720,0.3172
730,0.3976
740,0.4491
750,0.4764
760,0.4894
770,0.4953
780,0.4980
790,0.4991
800,0.4996
810,0.4998
820,0.4999
830,0.5000
840,0.5000
850,0.5000
860,0.5000
870,0.5000
880,0.5000
890,0.5000
900,0.5000
910,0.5000
920,0.5000
930,0.5000
940,0.5000
950,0.5000
960,0.5000
970,0.5000
980,0.5000
990,0.5000
1000,0.5000
1010,0.5000
1020,0.5000
1030,0.5000
1040,0.5000
1050,0.5000
1060,0.5000
1070,0.5000
1080,0.5000
1090,0.5000
1100,0.5000
