# approx_car_paint_black: APPROXIMATE placeholder reflectance (hand-shaped curve, NOT a measurement).
# Replace with measured data before quantitative use. Generated by tools/gen_approx_materials.py
# extrapolation: clamp
wavelength_nm,value
350,0.0400
360,0.0401
370,0.0403
380,0.0404
390,0.0405
400,0.0407
410,0.0408
420,0.0409
430,0.0411
440,0.0412
450,0.0413
460,0.0415
470,0.0416
480,0.0417
490,0.0419
500,0.0420
510,0.0421
520,0.0423
530,0.0424
540,0.0425
550,0.0427
560,0.0428
570,0.0429
580,0.0431
590,0.0432
600,0.0433
610,0.0435
620,0.0436
630,0.0437
640,0.0439
650,0.0440
660,0.0441
670,0.0443
680,0.0444
690,0.0445
700,0.0447
710,0.0448
720,0.0449
730,0.0451
740,0.0452
750,0.0453
760,0.0455
770,0.0456
780,0.0457
790,0.0459
800,0.0460
810,0.0461
820,0.0463
830,0.0464
840,0.0465
850,0.0467
860,0.0468
870,0.0469
880,0.0471
890,0.0472
900,0.0473
910,0.0475
920,0.0476
930,0.0477
940,0.0479
950,0.0480
960,0.0481
970,0.0483
980,0.0484
990,0.0485
1000,0.0487
1010,0.0488
1020,0.0489
1030,0.0491
1040,0.0492
1050,0.0493
1060,0.0495
1070,0.0496
1080,0.0497
1090,0.0499
1100,0.0500
