# approx_skin_light: APPROXIMATE placeholder reflectance (hand-shaped curve, NOT a measurement).
# Replace with measured data before quantitative use. Generated by tools/gen_approx_materials.py
# extrapolation: clamp
wavelength_nm,value
350,0.2500
360,0.2500
370,0.2500
380,0.2500
390,0.2500
400,0.2500
410,0.2500
420,0.2500
430,0.2501
440,0.2501
450,0.2501
460,0.2502
470,0.2502
480,0.2503
490,0.2505
500,0.2507
510,0.2504
520,0.2454
530,0.2265
540,0.2021
550,0.2070
560,0.2349
570,0.2432
580,0.2657
590,0.3425
600,0.4235
610,0.4857
620,0.5329
630,0.5657
640,0.5864
650,0.5991
660,0.6071
670,0.6128
680,0.6172
690,0.6210
700,0.6245
710,0.6278
720,0.6310
730,0.6338
740,0.6364
750,0.6387
760,0.6407
770,0.6423
780,0.6437
790,0.6448
800,0.6455
810,0.6461
820,0.6463
830,0.6463
840,0.6460
850,0.6454
860,0.6444
870,0.6428
880,0.6406
890,0.6377
900,0.6338
910,0.6289
920,0.6229
930,0.6159
940,0.6081
950,0.5999
960,0.5917
970,0.5839
980,0.5768
990,0.5708
1000,0.5659
1010,0.5619
1020,0.5588
1030,0.5565
1040,0.5547
1050,0.5534
1060,0.5525
1070,0.5518
1080,0.5513
1090,0.5509
1100,0.5507
