# approx_retroreflective_sheeting_white: APPROXIMATE placeholder reflectance (hand-shaped curve, NOT a measurement).
# Replace with measured data before quantitative use. Generated by tools/gen_approx_materials.py
# extrapolation: clamp
wavelength_nm,value
350,0.6019
360,0.6036
370,0.6069
380,0.6130
390,0.6238
400,0.6417
410,0.6678
420,0.7000
430,0.7322
440,0.7583
450,0.7762
460,0.7870
470,0.7931
480,0.7964
490,0.7981
500,0.7990
510,0.7995
520,0.7997
530,0.7999
540,0.7999
550,0.8000
560,0.8000
570,0.8000
580,0.8000
590,0.8000
600,0.8000
610,0.8000
620,0.8000
630,0.8000
640,0.8000
650,0.8000
660,0.8000
670,0.8000
680,0.8000
690,0.8000
700,0.8000
710,0.8000
720,0.8000
730,0.8000
740,0.8000
750,0.8000
760,0.8000
770,0.8000
780,0.8000
790,0.8000
800,0.8000
810,0.8000
820,0.8000
830,0.8000
840,0.8000
850,0.8000
860,0.8000
870,0.8000
880,0.8000
890,0.8000
900,0.8000
910,0.8000
920,0.8000
930,0.8000
940,0.8000
950,0.8000
960,0.8000
970,0.8000
980,0.8000
990,0.8000
1000,0.8000
1010,0.8000
1020,0.8000
1030,0.8000
1040,0.8000
1050,0.8000
1060,0.8000
1070,0.8000
1080,0.8000
1090,0.8000
1100,0.8000
