# approx_car_paint_blue: APPROXIMATE placeholder reflectance (hand-shaped curve, NOT a measurement).
# Replace with measured data before quantitative use. Generated by tools/gen_approx_materials.py
# extrapolation: clamp
wavelength_nm,value
350,0.0525
360,0.0559
370,0.0628
380,0.0757
390,0.0974
400,0.1305
410,0.1762
420,0.2322
430,0.2924
440,0.3473
450,0.3860
460,0.4000
470,0.3860
480,0.3473
490,0.2924
500,0.2322
510,0.1762
520,0.1306
530,0.0975
540,0.0759
550,0.0631
560,0.0563
570,0.0530
580,0.0517
590,0.0514
600,0.0516
610,0.0520
620,0.0528
630,0.0539
640,0.0554
650,0.0575
660,0.0603
670,0.0642
680,0.0695
690,0.0765
700,0.0858
710,0.0977
720,0.1126
730,0.1307
740,0.1518
750,0.1752
760,0.2000
770,0.2248
780,0.2482
790,0.2693
800,0.2874
810,0.3023
820,0.3142
830,0.3235
840,0.3305
850,0.3358
860,0.3397
870,0.3425
880,0.3446
890,0.3461
900,0.3472
910,0.3480
920,0.3486
930,0.3490
940,0.3493
950,0.3495
960,0.3496
970,0.3497
980,0.3498
990,0.3499
1000,0.3499
1010,0.3499
1020,0.3499
1030,0.3500
1040,0.3500
1050,0.3500
1060,0.3500
1070,0.3500
1080,0.3500
1090,0.3500
1100,0.3500
